Workbook

Sheet items
A1: id | B1: barcode | C1: title | D1: status | E1: price | F1: insert into "catalog".item (id, barcode, title, status, price) VALUES | H1: price | I1: base price
A2: 1 | B2: 4601234500001 | C2: Чайник электрический | D2: OPEN | E2: 2511.64 | F2: ="("&A2&", '"&B2&"', '"&C2&"', '"&D2&"', "&TEXT(E2,"[$-409]0.00")&")," -> (1, '4601234500001', 'Чайник электрический ', 'OPEN', 2511.64), | H2: =ROUND(I2*(1+0.1*RAND()),2) -> 2648.06 | I2: 2500
A3: 2 | B3: 4601234500002 | C3: Тостер | D3: OPEN | E3: 1835.93 | F3: ="("&A3&", '"&B3&"', '"&C3&"', '"&D3&"', "&TEXT(E3,"[$-409]0.00")&")," -> (2, '4601234500002', 'Тостер ', 'OPEN', 1835.93), | H3: =ROUND(I3*(1+0.1*RAND()),2) -> 1813.12 | I3: 1700
A4: 3 | B4: 4601234500003 | C4: Микроволновая печь | D4: CLOSED | E4: 4838.36 | F4: ="("&A4&", '"&B4&"', '"&C4&"', '"&D4&"', "&TEXT(E4,"[$-409]0.00")&")," -> (3, '4601234500003', 'Микроволновая печь ', 'CLOSED', 4838.36), | H4: =ROUND(I4*(1+0.1*RAND()),2) -> 5221.49 | I4: 4800
A5: 4 | B5: 4601234500004 | C5: Блендер | D5: OPEN | E5: 3504.5 | F5: ="("&A5&", '"&B5&"', '"&C5&"', '"&D5&"', "&TEXT(E5,"[$-409]0.00")&")," -> (4, '4601234500004', 'Блендер ', 'OPEN', 3504.50), | H5: =ROUND(I5*(1+0.1*RAND()),2) -> 3354.56 | I5: 3200
A6: 5 | B6: 4601234500005 | C6: Мясорубка | D6: OPEN | E6: 3180.24 | F6: ="("&A6&", '"&B6&"', '"&C6&"', '"&D6&"', "&TEXT(E6,"[$-409]0.00")&")," -> (5, '4601234500005', 'Мясорубка ', 'OPEN', 3180.24), | H6: =ROUND(I6*(1+0.1*RAND()),2) -> 3083.56 | I6: 3000
A7: 6 | B7: 4601234500006 | C7: Кофеварка | D7: OPEN | E7: 2299.84 | F7: ="("&A7&", '"&B7&"', '"&C7&"', '"&D7&"', "&TEXT(E7,"[$-409]0.00")&")," -> (6, '4601234500006', 'Кофеварка ', 'OPEN', 2299.84), | H7: =ROUND(I7*(1+0.1*RAND()),2) -> 2143.03 | I7: 2100
A8: 7 | B8: 4601234500007 | C8: Утюг | D8: OPEN | E8: 2359.22 | F8: ="("&A8&", '"&B8&"', '"&C8&"', '"&D8&"', "&TEXT(E8,"[$-409]0.00")&")," -> (7, '4601234500007', 'Утюг ', 'OPEN', 2359.22), | H8: =ROUND(I8*(1+0.1*RAND()),2) -> 2487.97 | I8: 2300
A9: 8 | B9: 4601234500008 | C9: Фен | D9: OPEN | E9: 1424.93 | F9: ="("&A9&", '"&B9&"', '"&C9&"', '"&D9&"', "&TEXT(E9,"[$-409]0.00")&")," -> (8, '4601234500008', 'Фен ', 'OPEN', 1424.93), | H9: =ROUND(I9*(1+0.1*RAND()),2) -> 1523.2 | I9: 1400
A10: 9 | B10: 4601234500009 | C10: Пылесос | D10: OPEN | E10: 6637.32 | F10: ="("&A10&", '"&B10&"', '"&C10&"', '"&D10&"', "&TEXT(E10,"[$-409]0.00")&")," -> (9, '4601234500009', 'Пылесос ', 'OPEN', 6637.32), | H10: =ROUND(I10*(1+0.1*RAND()),2) -> 6641.65 | I10: 6500
A11: 10 | B11: 4601234500010 | C11: Стиральная машина | D11: CLOSED | E11: 14577.5 | F11: ="("&A11&", '"&B11&"', '"&C11&"', '"&D11&"', "&TEXT(E11,"[$-409]0.00")&")," -> (10, '4601234500010', 'Стиральная машина ', 'CLOSED', 14577.50), | H11: =ROUND(I11*(1+0.1*RAND()),2) -> 14533.43 | I11: 14000
A12: 11 | B12: 4601234500011 | C12: Холодильник | D12: OPEN | E12: 23653.84 | F12: ="("&A12&", '"&B12&"', '"&C12&"', '"&D12&"', "&TEXT(E12,"[$-409]0.00")&")," -> (11, '4601234500011', 'Холодильник ', 'OPEN', 23653.84), | H12: =ROUND(I12*(1+0.1*RAND()),2) -> 23375.96 | I12: 22000
A13: 12 | B13: 4601234500012 | C13: Телевизор | D13: OPEN | E13: 27212.65 | F13: ="("&A13&", '"&B13&"', '"&C13&"', '"&D13&"', "&TEXT(E13,"[$-409]0.00")&")," -> (12, '4601234500012', 'Телевизор ', 'OPEN', 27212.65), | H13: =ROUND(I13*(1+0.1*RAND()),2) -> 26792.3 | I13: 25000
... A31: 30 | B31: 4601234500030 | C31: Бассейн надувной | D31: OPEN | E31: 3062.81 | F31: ="("&A31&", '"&B31&"', '"&C31&"', '"&D31&"', "&TEXT(E31,"[$-409]0.00")&")," -> (30, '4601234500030', 'Бассейн надувной ', 'OPEN', 3062.81), | H31: =ROUND(I31*(1+0.1*RAND()),2) -> 2861.01 | I31: 2800

Sheet orders
A1: id | B1: created | C1: customer_name | D1: status | E1: insert into "orders".order (id, created, customer_name, status) VALUES | F1: date
A2: 1 | B2: 44927.911 | C2: Осипов Денис | D2: CLOSED | E2: ="("&$A2&", '"&TEXT($B2,"YYYY-MM-DDTHH:MM:SS")&"', '"&$C2&"', '"&$D2&"')," -> (1, '2023-01-01T21:51:54', 'Осипов Денис', 'CLOSED'), | F2: =DATE(2023,1,1)+$A2*10*RAND()+RAND() -> 44932.831
A3: 2 | B3: 44928.911 | C3: Носков Александр | D3: CLOSED | E3: ="("&$A3&", '"&TEXT($B3,"YYYY-MM-DDTHH:MM:SS")&"', '"&$C3&"', '"&$D3&"')," -> (2, '2023-01-02T21:51:54', 'Носков Александр', 'CLOSED'),
A4: 3 | B4: 44929.911 | C4: Комаров Дмитрий | D4: CANCELED | E4: ="("&$A4&", '"&TEXT($B4,"YYYY-MM-DDTHH:MM:SS")&"', '"&$C4&"', '"&$D4&"')," -> (3, '2023-01-03T21:51:54', 'Комаров Дмитрий', 'CANCELED'),
A5: 4 | B5: 44930.911 | C5: Михеева Елизавета | D5: CLOSED | E5: ="("&$A5&", '"&TEXT($B5,"YYYY-MM-DDTHH:MM:SS")&"', '"&$C5&"', '"&$D5&"')," -> (4, '2023-01-04T21:51:54', 'Михеева Елизавета', 'CLOSED'),
A6: 5 | B6: 44931.911 | C6: Попов Тимофей | D6: CLOSED | E6: ="("&$A6&", '"&TEXT($B6,"YYYY-MM-DDTHH:MM:SS")&"', '"&$C6&"', '"&$D6&"')," -> (5, '2023-01-05T21:51:54', 'Попов Тимофей', 'CLOSED'),
A7: 6 | B7: 44932.911 | C7: Грачева Милана | D7: CLOSED | E7: ="("&$A7&", '"&TEXT($B7,"YYYY-MM-DDTHH:MM:SS")&"', '"&$C7&"', '"&$D7&"')," -> (6, '2023-01-06T21:51:54', 'Грачева Милана', 'CLOSED'),
A8: 7 | B8: 44933.911 | C8: Фролова Александра | D8: CLOSED | E8: ="("&$A8&", '"&TEXT($B8,"YYYY-MM-DDTHH:MM:SS")&"', '"&$C8&"', '"&$D8&"')," -> (7, '2023-01-07T21:51:54', 'Фролова Александра', 'CLOSED'),
A9: 8 | B9: 44934.911 | C9: Котова Мирослава | D9: CLOSED | E9: ="("&$A9&", '"&TEXT($B9,"YYYY-MM-DDTHH:MM:SS")&"', '"&$C9&"', '"&$D9&"')," -> (8, '2023-01-08T21:51:54', 'Котова Мирослава', 'CLOSED'),
A10: 9 | B10: 44935.911 | C10: Соколова Вера | D10: CLOSED | E10: ="("&$A10&", '"&TEXT($B10,"YYYY-MM-DDTHH:MM:SS")&"', '"&$C10&"', '"&$D10&"')," -> (9, '2023-01-09T21:51:54', 'Соколова Вера', 'CLOSED'),
A11: 10 | B11: 44936.911 | C11: Львова Ксения | D11: CANCELED | E11: ="("&$A11&", '"&TEXT($B11,"YYYY-MM-DDTHH:MM:SS")&"', '"&$C11&"', '"&$D11&"')," -> (10, '2023-01-10T21:51:54', 'Львова Ксения', 'CANCELED'),
A12: 11 | B12: 44937.911 | C12: Ефимова Анастасия | D12: CLOSED | E12: ="("&$A12&", '"&TEXT($B12,"YYYY-MM-DDTHH:MM:SS")&"', '"&$C12&"', '"&$D12&"')," -> (11, '2023-01-11T21:51:54', 'Ефимова Анастасия', 'CLOSED'),
A13: 12 | B13: 44938.911 | C13: Александров Александр | D13: CLOSED | E13: ="("&$A13&", '"&TEXT($B13,"YYYY-MM-DDTHH:MM:SS")&"', '"&$C13&"', '"&$D13&"')," -> (12, '2023-01-12T21:51:54', 'Александров Александр', 'CLOSED'),
A14: 13 | B14: 44939.911 | C14: Гаврилова Виктория | D14: CLOSED | E14: ="("&$A14&", '"&TEXT($B14,"YYYY-MM-DDTHH:MM:SS")&"', '"&$C14&"', '"&$D14&"')," -> (13, '2023-01-13T21:51:54', 'Гаврилова Виктория', 'CLOSED'),
... A51: 50 | B51: 44976.911 | C51: Тихонова Мария | D51: CLOSED | E51: ="("&$A51&", '"&TEXT($B51,"YYYY-MM-DDTHH:MM:SS")&"', '"&$C51&"', '"&$D51&"')," -> (50, '2023-02-19T21:51:54', 'Тихонова Мария', 'CLOSED'),

Sheet order_items
A1: order_id | B1: item_id | C1: quantity | D1: price | E1: insert into "orders".order_item (order_id, item_id, quantity, price ) VALUES | F1: order_id | G1: item_id | H1: quantity | I1: price
A2: 1 | B2: 23 | C2: 135 | D2: 7434.45 | E2: ="("&$A2&", "&$B2&", "&$C2&", "&$D2&")," -> (1, 23, 135, 7434.45), | F2: 1 | G2: =ROUND(RAND()*COUNT(items!$B:$B),0) -> 26 | H2: =1+ROUND(EXP(10*RAND()-5),0) -> 5 | I2: =ROUND(VLOOKUP(G2,items!$A$2:$E$31,5,0)*IF(RAND()>0.5,1 - 0.5 * RAND(),1),2) -> 3546.06
A3: 1 | B3: 25 | C3: 2 | D3: 3216.71 | E3: ="("&$A3&", "&$B3&", "&$C3&", "&$D3&")," -> (1, 25, 2, 3216.71), | F3: =IF(RAND()>0.5,F2+1,F2) -> 2 | G3: =ROUND(RAND()*COUNT(items!$B:$B),0) -> 27 | H3: =1+ROUND(EXP(10*RAND()-5),0) -> 117 | I3: =ROUND(VLOOKUP(G3,items!$A$2:$E$31,5,0)*IF(RAND()>0.5,1 - 0.5 * RAND(),1),2) -> 8444.9
A4: 2 | B4: 13 | C4: 13 | D4: 40228.93 | E4: ="("&$A4&", "&$B4&", "&$C4&", "&$D4&")," -> (2, 13, 13, 40228.93), | F4: =IF(RAND()>0.5,F3+1,F3) -> 3 | G4: =ROUND(RAND()*COUNT(items!$B:$B),0) -> 24 | H4: =1+ROUND(EXP(10*RAND()-5),0) -> 2 | I4: =ROUND(VLOOKUP(G4,items!$A$2:$E$31,5,0)*IF(RAND()>0.5,1 - 0.5 * RAND(),1),2) -> 5721.23
A5: 2 | B5: 21 | C5: 8 | D5: 9805.56 | E5: ="("&$A5&", "&$B5&", "&$C5&", "&$D5&")," -> (2, 21, 8, 9805.56), | F5: =IF(RAND()>0.5,F4+1,F4) -> 3 | G5: =ROUND(RAND()*COUNT(items!$B:$B),0) -> 15 | H5: =1+ROUND(EXP(10*RAND()-5),0) -> 1 | I5: =ROUND(VLOOKUP(G5,items!$A$2:$E$31,5,0)*IF(RAND()>0.5,1 - 0.5 * RAND(),1),2) -> 8048.47
A6: 3 | B6: 7 | C6: 5 | D6: 2311.91 | E6: ="("&$A6&", "&$B6&", "&$C6&", "&$D6&")," -> (3, 7, 5, 2311.91), | F6: =IF(RAND()>0.5,F5+1,F5) -> 4 | G6: =ROUND(RAND()*COUNT(items!$B:$B),0) -> 27 | H6: =1+ROUND(EXP(10*RAND()-5),0) -> 1 | I6: =ROUND(VLOOKUP(G6,items!$A$2:$E$31,5,0)*IF(RAND()>0.5,1 - 0.5 * RAND(),1),2) -> 7909.6
A7: 4 | B7: 21 | C7: 39 | D7: 5795.53 | E7: ="("&$A7&", "&$B7&", "&$C7&", "&$D7&")," -> (4, 21, 39, 5795.53), | F7: =IF(RAND()>0.5,F6+1,F6) -> 5 | G7: =ROUND(RAND()*COUNT(items!$B:$B),0) -> 8 | H7: =1+ROUND(EXP(10*RAND()-5),0) -> 9 | I7: =ROUND(VLOOKUP(G7,items!$A$2:$E$31,5,0)*IF(RAND()>0.5,1 - 0.5 * RAND(),1),2) -> 1105.23
A8: 4 | B8: 9 | C8: 1 | D8: 6637.32 | E8: ="("&$A8&", "&$B8&", "&$C8&", "&$D8&")," -> (4, 9, 1, 6637.32), | F8: =IF(RAND()>0.5,F7+1,F7) -> 5 | G8: =ROUND(RAND()*COUNT(items!$B:$B),0) -> 13 | H8: =1+ROUND(EXP(10*RAND()-5),0) -> 1 | I8: =ROUND(VLOOKUP(G8,items!$A$2:$E$31,5,0)*IF(RAND()>0.5,1 - 0.5 * RAND(),1),2) -> 21809.37
A9: 4 | B9: 3 | C9: 4 | D9: 4007.89 | E9: ="("&$A9&", "&$B9&", "&$C9&", "&$D9&")," -> (4, 3, 4, 4007.89), | F9: =IF(RAND()>0.5,F8+1,F8) -> 6 | G9: =ROUND(RAND()*COUNT(items!$B:$B),0) -> 25 | H9: =1+ROUND(EXP(10*RAND()-5),0) -> 1 | I9: =ROUND(VLOOKUP(G9,items!$A$2:$E$31,5,0)*IF(RAND()>0.5,1 - 0.5 * RAND(),1),2) -> 2835.75
A10: 4 | B10: 2 | C10: 1 | D10: 942.22 | E10: ="("&$A10&", "&$B10&", "&$C10&", "&$D10&")," -> (4, 2, 1, 942.22), | F10: =IF(RAND()>0.5,F9+1,F9) -> 6 | G10: =ROUND(RAND()*COUNT(items!$B:$B),0) -> 9 | H10: =1+ROUND(EXP(10*RAND()-5),0) -> 1 | I10: =ROUND(VLOOKUP(G10,items!$A$2:$E$31,5,0)*IF(RAND()>0.5,1 - 0.5 * RAND(),1),2) -> 6637.32
A11: 4 | B11: 14 | C11: 1 | D11: 9874.66 | E11: ="("&$A11&", "&$B11&", "&$C11&", "&$D11&")," -> (4, 14, 1, 9874.66), | F11: =IF(RAND()>0.5,F10+1,F10) -> 6 | G11: =ROUND(RAND()*COUNT(items!$B:$B),0) -> 28 | H11: =1+ROUND(EXP(10*RAND()-5),0) -> 6 | I11: =ROUND(VLOOKUP(G11,items!$A$2:$E$31,5,0)*IF(RAND()>0.5,1 - 0.5 * RAND(),1),2) -> 8048.75
A12: 5 | B12: 9 | C12: 1 | D12: 3534.22 | E12: ="("&$A12&", "&$B12&", "&$C12&", "&$D12&")," -> (5, 9, 1, 3534.22), | F12: =IF(RAND()>0.5,F11+1,F11) -> 6 | G12: =ROUND(RAND()*COUNT(items!$B:$B),0) -> 28 | H12: =1+ROUND(EXP(10*RAND()-5),0) -> 12 | I12: =ROUND(VLOOKUP(G12,items!$A$2:$E$31,5,0)*IF(RAND()>0.5,1 - 0.5 * RAND(),1),2) -> 10044.23
A13: 5 | B13: 19 | C13: 1 | D13: 12504.17 | E13: ="("&$A13&", "&$B13&", "&$C13&", "&$D13&")," -> (5, 19, 1, 12504.17), | F13: =IF(RAND()>0.5,F12+1,F12) -> 6 | G13: =ROUND(RAND()*COUNT(items!$B:$B),0) -> 2 | H13: =1+ROUND(EXP(10*RAND()-5),0) -> 45 | I13: =ROUND(VLOOKUP(G13,items!$A$2:$E$31,5,0)*IF(RAND()>0.5,1 - 0.5 * RAND(),1),2) -> 932.96
A14: 6 | B14: 9 | C14: 1 | D14: 5150.79 | E14: ="("&$A14&", "&$B14&", "&$C14&", "&$D14&")," -> (6, 9, 1, 5150.79), | F14: =IF(RAND()>0.5,F13+1,F13) -> 6 | G14: =ROUND(RAND()*COUNT(items!$B:$B),0) -> 26 | H14: =1+ROUND(EXP(10*RAND()-5),0) -> 1 | I14: =ROUND(VLOOKUP(G14,items!$A$2:$E$31,5,0)*IF(RAND()>0.5,1 - 0.5 * RAND(),1),2) -> 3364.25
... A121: 50 | B121: 10 | C121: 1 | D121: 14308.56 | E121: ="("&$A121&", "&$B121&", "&$C121&", "&$D121&")," -> (50, 10, 1, 14308.56), | F121: =IF(RAND()>0.5,F120+1,F120) -> 47 | G121: =ROUND(RAND()*COUNT(items!$B:$B),0) -> 22 | H121: =1+ROUND(EXP(10*RAND()-5),0) -> 1 | I121: =ROUND(VLOOKUP(G121,items!$A$2:$E$31,5,0)*IF(RAND()>0.5,1 - 0.5 * RAND(),1),2) -> 20611.08
F122: =IF(RAND()>0.5,F121+1,F121) -> 47 | G122: =ROUND(RAND()*COUNT(items!$B:$B),0) -> 10 | H122: =1+ROUND(EXP(10*RAND()-5),0) -> 1 | I122: =ROUND(VLOOKUP(G122,items!$A$2:$E$31,5,0)*IF(RAND()>0.5,1 - 0.5 * RAND(),1),2) -> 14577.5
F123: =IF(RAND()>0.5,F122+1,F122) -> 47 | G123: =ROUND(RAND()*COUNT(items!$B:$B),0) -> 27 | H123: =1+ROUND(EXP(10*RAND()-5),0) -> 1 | I123: =ROUND(VLOOKUP(G123,items!$A$2:$E$31,5,0)*IF(RAND()>0.5,1 - 0.5 * RAND(),1),2) -> 9215.76
F124: =IF(RAND()>0.5,F123+1,F123) -> 47 | G124: =ROUND(RAND()*COUNT(items!$B:$B),0) -> 15 | H124: =1+ROUND(EXP(10*RAND()-5),0) -> 38 | I124: =ROUND(VLOOKUP(G124,items!$A$2:$E$31,5,0)*IF(RAND()>0.5,1 - 0.5 * RAND(),1),2) -> 8048.47
F125: =IF(RAND()>0.5,F124+1,F124) -> 47 | G125: =ROUND(RAND()*COUNT(items!$B:$B),0) -> 24 | H125: =1+ROUND(EXP(10*RAND()-5),0) -> 35 | I125: =ROUND(VLOOKUP(G125,items!$A$2:$E$31,5,0)*IF(RAND()>0.5,1 - 0.5 * RAND(),1),2) -> 5721.23
F126: =IF(RAND()>0.5,F125+1,F125) -> 47 | G126: =ROUND(RAND()*COUNT(items!$B:$B),0) -> 23 | H126: =1+ROUND(EXP(10*RAND()-5),0) -> 1 | I126: =ROUND(VLOOKUP(G126,items!$A$2:$E$31,5,0)*IF(RAND()>0.5,1 - 0.5 * RAND(),1),2) -> 5386.91
F127: =IF(RAND()>0.5,F126+1,F126) -> 48 | G127: =ROUND(RAND()*COUNT(items!$B:$B),0) -> 29 | H127: =1+ROUND(EXP(10*RAND()-5),0) -> 2 | I127: =ROUND(VLOOKUP(G127,items!$A$2:$E$31,5,0)*IF(RAND()>0.5,1 - 0.5 * RAND(),1),2) -> 11676.11
F128: =IF(RAND()>0.5,F127+1,F127) -> 49 | G128: =ROUND(RAND()*COUNT(items!$B:$B),0) -> 27 | H128: =1+ROUND(EXP(10*RAND()-5),0) -> 137 | I128: =ROUND(VLOOKUP(G128,items!$A$2:$E$31,5,0)*IF(RAND()>0.5,1 - 0.5 * RAND(),1),2) -> 9215.76
F129: =IF(RAND()>0.5,F128+1,F128) -> 49 | G129: =ROUND(RAND()*COUNT(items!$B:$B),0) -> 2 | H129: =1+ROUND(EXP(10*RAND()-5),0) -> 1 | I129: =ROUND(VLOOKUP(G129,items!$A$2:$E$31,5,0)*IF(RAND()>0.5,1 - 0.5 * RAND(),1),2) -> 1835.93
F130: =IF(RAND()>0.5,F129+1,F129) -> 50 | G130: =ROUND(RAND()*COUNT(items!$B:$B),0) -> 19 | H130: =1+ROUND(EXP(10*RAND()-5),0) -> 49 | I130: =ROUND(VLOOKUP(G130,items!$A$2:$E$31,5,0)*IF(RAND()>0.5,1 - 0.5 * RAND(),1),2) -> 11192.71
F131: =IF(RAND()>0.5,F130+1,F130) -> 50 | G131: =ROUND(RAND()*COUNT(items!$B:$B),0) -> 29 | H131: =1+ROUND(EXP(10*RAND()-5),0) -> 1 | I131: =ROUND(VLOOKUP(G131,items!$A$2:$E$31,5,0)*IF(RAND()>0.5,1 - 0.5 * RAND(),1),2) -> 11676.11
F132: =IF(RAND()>0.5,F131+1,F131) -> 51 | G132: =ROUND(RAND()*COUNT(items!$B:$B),0) -> 11 | H132: =1+ROUND(EXP(10*RAND()-5),0) -> 114 | I132: =ROUND(VLOOKUP(G132,items!$A$2:$E$31,5,0)*IF(RAND()>0.5,1 - 0.5 * RAND(),1),2) -> 23653.84
F133: =IF(RAND()>0.5,F132+1,F132) -> 52 | G133: =ROUND(RAND()*COUNT(items!$B:$B),0) -> 13 | H133: =1+ROUND(EXP(10*RAND()-5),0) -> 3 | I133: =ROUND(VLOOKUP(G133,items!$A$2:$E$31,5,0)*IF(RAND()>0.5,1 - 0.5 * RAND(),1),2) -> 34823.46
... F144: =IF(RAND()>0.5,F143+1,F143) -> 59 | G144: =ROUND(RAND()*COUNT(items!$B:$B),0) -> 23 | H144: =1+ROUND(EXP(10*RAND()-5),0) -> 1 | I144: =ROUND(VLOOKUP(G144,items!$A$2:$E$31,5,0)*IF(RAND()>0.5,1 - 0.5 * RAND(),1),2) -> 7434.45
